[
    {
      "student_id": "ST0001",
      "first_name": "Aarav",
      "last_name": "Patel"
    },
    {
      "student_id": "ST0002",
      "first_name": "Sophia",
      "last_name": "Williams"
    },
    {
      "student_id": "ST0003",
      "first_name": "Liam",
      "last_name": "Johnson"
    },
    {
      "student_id": "ST0004",
      "first_name": "Emma",
      "last_name": "Brown"
    },
    {
      "student_id": "ST0005",
      "first_name": "Noah",
      "last_name": "Davis"
    },
    {
      "student_id": "ST0006",
      "first_name": "Olivia",
      "last_name": "Miller"
    },
    {
      "student_id": "ST0007",
      "first_name": "Mason",
      "last_name": "Wilson"
    },
    {
      "student_id": "ST0008",
      "first_name": "Isabella",
      "last_name": "Moore"
    },
    {
      "student_id": "ST0009",
      "first_name": "Ethan",
      "last_name": "Anderson"
    },
    {
      "student_id": "ST0010",
      "first_name": "Ava",
      "last_name": "Taylor"
    }
  ]
